url,name
/fojanb/golang,golang
/fojanb/20-Days-of-JavaScript,20-Days-of-JavaScript
/fojanb/20-Days-of-React,20-Days-of-React
/fojanb/chatbot,chatbot
/fojanb/fojanb,fojanb
/fojanb/20-Days-of-Vue-js,20-Days-of-Vue-js
/fojanb/node-js,node-js
/fojanb/fojan-portfolio,fojan-portfolio
/fojanb/tighty-whities,tighty-whities
/fojanb/restful-api-express,restful-api-express
/fojanb/image-search-app,image-search-app
/fojanb/Personal-Digital-Assistants-App,Personal-Digital-Assistants-App
/fojanb/animals-app,animals-app
/fojanb/paint-app,paint-app
/fojanb/pagination-js,pagination-js
/fojanb/to-do-list-react-js,to-do-list-react-js
/fojanb/slider-vanilla-js,slider-vanilla-js
/fojanb/sarcastic-text-generator,sarcastic-text-generator
/fojanb/quiz-app,quiz-app
/fojanb/shopping-form,shopping-form
/fojanb/to-do-list-vanilla-js,to-do-list-vanilla-js
/fojanb/Responsive-Dashboard,Responsive-Dashboard
/fojanb/full-feature-gallery,full-feature-gallery
/fojanb/Udemy-Projects,Udemy-Projects
/fojanb/Jane-Doe-Portfolio,Jane-Doe-Portfolio
/fojanb/Google-Map-API,Google-Map-API
/fojanb/react-redux-todolist,react-redux-todolist
/fojanb/react-redux-counter,react-redux-counter
/fojanb/ReactAppRedux,ReactAppRedux
/fojanb/face-detection,face-detection
